"Epic","Feature","Story","FAILED","BROKEN","PASSED","SKIPPED","UNKNOWN"
"","POSTS","PATCH POST","0","0","1","0","0"
"","Example","Equals Two","0","0","5","0","0"
"","POSTS","Negative Test","0","0","1","0","0"
"","POSTS","GET POSTS","0","0","1","0","0"
"","POSTS","PUT POST","0","0","1","0","0"
"","Example","Equals One","0","0","1","0","0"
"","POSTS","GET ONE POST","0","0","1","0","0"
"","POSTS","ADD POST","0","0","1","0","0"
"","POSTS","DELETE POST","0","0","1","0","0"
"","POSTS","GET MESSAGE","0","0","1","0","0"
