"Status","Start Time","Stop Time","Duration in ms","Parent Suite","Suite","Sub Suite","Test Class","Test Method","Name","Description"
"passed","Sun Jun 09 01:18:58 AMT 2024","Sun Jun 09 01:18:59 AMT 2024","306","test_dir1","test_posts","","","","test_path_post",""
"passed","Sun Jun 09 01:19:00 AMT 2024","Sun Jun 09 01:19:00 AMT 2024","1","test_dir1","test_posts","","","","test_two[47]",""
"passed","Sun Jun 09 01:19:00 AMT 2024","Sun Jun 09 01:19:00 AMT 2024","266","test_dir1","test_posts","","","","test_negative_delete_post",""
"passed","Sun Jun 09 01:19:00 AMT 2024","Sun Jun 09 01:19:00 AMT 2024","0","test_dir1","test_posts","","","","test_two[5]",""
"passed","Sun Jun 09 01:18:57 AMT 2024","Sun Jun 09 01:18:57 AMT 2024","53","test_dir1","test_posts","","","","test_get_all_posts",""
"passed","Sun Jun 09 01:19:00 AMT 2024","Sun Jun 09 01:19:00 AMT 2024","0","test_dir1","test_posts","","","","test_two[84]",""
"passed","Sun Jun 09 01:18:57 AMT 2024","Sun Jun 09 01:18:58 AMT 2024","297","test_dir1","test_posts","","","","test_put_post",""
"passed","Sun Jun 09 01:19:00 AMT 2024","Sun Jun 09 01:19:00 AMT 2024","0","test_dir1","test_posts","","","","test_one",""
"passed","Sun Jun 09 01:18:56 AMT 2024","Sun Jun 09 01:18:57 AMT 2024","66","test_dir1","test_posts","","","","get one post title","get one post description"
"passed","Sun Jun 09 01:18:57 AMT 2024","Sun Jun 09 01:18:57 AMT 2024","289","test_dir1","test_posts","","","","test_add_post",""
"passed","Sun Jun 09 01:18:59 AMT 2024","Sun Jun 09 01:18:59 AMT 2024","206","test_dir1","test_posts","","","","test_delete_post",""
"passed","Sun Jun 09 01:19:00 AMT 2024","Sun Jun 09 01:19:00 AMT 2024","0","test_dir1","test_posts","","","","test_two[11]",""
"passed","Sun Jun 09 01:19:00 AMT 2024","Sun Jun 09 01:19:00 AMT 2024","1","test_dir1","test_posts","","","","test_two[98]",""
"passed","Sun Jun 09 01:18:57 AMT 2024","Sun Jun 09 01:18:57 AMT 2024","54","test_dir1","test_posts","","","","test_get_message_by_post_id",""
